cbcc,20225041
caia,20220055
cbgf,20222680
cifa,20229602
caej,20220477
cffj,20223761
cffg,20227393
chai,20227725
cbcb,20223131
cijg,20228846
cdhj,20223722
cedc,20223488
caac,20225724
cjbi,20222729
cech,20221970
cgdi,20225092
cafc,20224396
ccfe,20226917
ciig,20229045
cjff,20225559
cicb,20226643
ccii,20227332
cdej,20227031
ccic,20224379
caai,20225391
ceeh,20221892
cdbf,20225779
cahg,20223642
cbei,20226331
ceic,20227636
chhi,20224724
cgbh,20220784
cabe,20224422
cgfd,20224249
cbfj,20222211
cdge,20225189
chbc,20221562
cgaf,20223334
chii,20220333
cfde,20229198
cjhb,20220843
cccb,20222873
cfbi,20224270
cbcj,20221079
cibg,20221673
cfhi,20223569
cahj,20221121
cbda,20221520
cddg,20227836
ccfg,20225936
cibb,20224049
ccdi,20228780
chdd,20223726
cahh,20227137
cgbf,20223820
cfhc,20221276
cfff,20225465
cffb,20227620
cjij,20227542
ccfa,20224582
chcd,20226021
cbgj,20227609
cdih,20220512
cadd,20229824
cfga,20220820
cfgc,20224106
cfad,20221474
cbgc,20221133
ccae,20228635
cfdi,20220753
ciic,20225630
cdai,20228766
cghj,20229382
cbhg,20225305
caee,20223225
cdfa,20223791
ccba,20224874
cbfh,20225012
ccjg,20222647
cbhd,20228512
cbdd,20220438
cfbd,20220901
cdgd,20224366
caii,20220083
cjhf,20228937
ceai,20220785
chig,20221809
ceca,20222210
cbba,20222224
cbje,20221063
cehb,20222029
cfaf,20227672
cfcg,20226149
cafg,20226693
cchf,20220100
cegg,20227723
cfdj,20227753
cjja,20225928
ceea,20229733
cehc,20227017
caig,20226018
cjje,20220833
cbji,20225265
cggf,20223272
cgcf,20228576
cica,20224291
cdda,20225656
ceec,20224955
cagj,20221108
cejd,20223388
cgch,20223732
cceb,20224607
cgcb,20222264
ccai,20221404
chcj,20227936
chaa,20226956
cjbe,20224670
cacd,20228594
caja,20228970
cgag,20229023
cdcb,20229169
cidf,20223973
cdbj,20223462
cied,20229572
chij,20222570
cjii,20229335
cebj,20224047
cahe,20220178
cabd,20222312
cgce,20221944
cacb,20226229
cjgj,20224523
cifg,20224247
cjbf,20228693
cihd,20224319
caed,20224345
cdei,20223616
cici,20229737
cffi,20229812
ciha,20220929
cehi,20221207
cejc,20226295
cigc,20229031
cgac,20220449
cije,20220536
cjfd,20220073
chhd,20227098
ccbj,20223018
ccci,20226629
cbic,20229097
chdc,20221654
cjde,20222697
cfgi,20223672
cbfg,20221177
cgie,20227127
cjha,20226558
ciae,20228632
cefd,20226850
cgcd,20226174
cjic,20220218
cbhe,20226454
cbfc,20220424
cfbf,20227760
cjgd,20228494
ccef,20226379
cgcj,20225772
ccjb,20228517
cifi,20225032
cfhe,20220708
cbjc,20228945
chac,20224052
ceaf,20223233
ccgc,20222550
cdfc,20226535
cebb,20222456
cjeh,20221273
cjia,20222976
chfh,20229962
cige,20228355
cgjg,20224410
cefj,20226345
cdbd,20226541
cjcj,20228791
cbag,20225524
cahf,20221906
cafj,20225460
cjdh,20225983
cibi,20224830
cgde,20228340
cagh,20222829
cefe,20222967
ccbb,20227327
cebd,20221396
chja,20226699
caeg,20221665
cgdj,20220202
cbcf,20220451
cdfd,20228475
cccd,20222273
chda,20225793
chie,20229355
cfhg,20224369
cjdd,20226752
cicc,20223885
cheh,20225619
cegh,20221805
cjjf,20221857
ccbg,20224658
cfdb,20228889
chci,20223991
cche,20224378
cgbg,20229514
cffd,20225254
cedf,20220434
cajj,20223335
cjif,20224324
cjci,20226611
cbai,20226922
cfac,20229389
cdde,20223066
cbgi,20225370
cdbg,20228255
cbed,20223142
cbdj,20226763
ciaj,20224962
cihe,20222770
cgbi,20224867
cieg,20220564
ccaj,20229397
cefh,20227790
cich,20228754
ceac,20220361
cbhh,20221212
chif,20222493
cijj,20222769
cgji,20225757
cjag,20229603
cdag,20225969
cice,20227541
cdci,20220670
ceef,20220244
ceeg,20225409
ccga,20221541
cbdh,20227564
cbea,20221835
cidj,20223283
chef,20226337
cejb,20228831
ccdd,20222011
cbbj,20228199
cdec,20222944
cagg,20228393
cgff,20223888
cdig,20220041
cgbe,20226658
cead,20226744
cibc,20224084
ccid,20226054
cedh,20223812
cbbe,20226529
cgjf,20222056
cjbg,20226000
cfgh,20221313
cfjf,20221391
ccgg,20224679
cadf,20220960
cjca,20220764
cggj,20223167
cdhh,20225971
cagf,20222942
cjcc,20223446
cbhf,20220743
cgig,20224774
cjji,20228339
chad,20229981
cchj,20229830
cahd,20220403
cfch,20221883
cihh,20222816
ccij,20226618
cgeh,20228052
cgaj,20226045
cfgj,20221994
ciij,20227938
cfjh,20221196
chjf,20222183
cbch,20225238
cfbc,20221322
cijd,20222579
cfjj,20222479
cjfe,20225106
ccgj,20220966
cehe,20221927
cfaj,20223298
cfhj,20229387
cife,20228656
cdgh,20223956
cigd,20221851
cfib,20227912
cafa,20225199
ccff,20223788
ceah,20223232
cbde,20225869
cjjj,20229741
cgea,20226366
caec,20221932
cbgd,20227282
cacc,20228029
cfjc,20225427
cihb,20221065
chhj,20229152
ccdh,20224497
chgi,20229004
cgib,20221689
cdeg,20223305
chbj,20220014
ccfj,20227272
cfdg,20225719
cgah,20226573
chcc,20229546
cjfa,20224121
cggd,20221813
cdhe,20223853
cgjc,20223090
caba,20220759
ccbd,20229896
cehh,20222813
ccie,20225001
cdjc,20229573
cihj,20227444
cfic,20222877
cccg,20221849
cadb,20221416
cahi,20224294
cbii,20225777
cccc,20225539
cdea,20226651
cfcb,20228226
cgbd,20222891
cdbb,20223931
ccbh,20221355
ccib,20222734
chfe,20226819
cgei,20222121
cfag,20221629
cjdb,20227828
cifb,20221018
cgfa,20222043
cdgg,20229262
cebi,20221295
caci,20221580
ciie,20227599
ceij,20229080
cefa,20222170
ccgb,20227066
cjfb,20227935
cajb,20229457
cdga,20227726
cbad,20221444
cbeg,20220924
cffe,20226251
cece,20220846
caid,20224984
cdjg,20223092
cjee,20223360
cfje,20226873
cbac,20226020
cbfa,20229049
cbib,20225040
cidh,20228534
caah,20220533
ccif,20228215
cefb,20224220
ccha,20227904
cfge,20224884
cbff,20225830
cfeg,20221513
ciej,20222429
cfji,20225525
ccja,20228518
cjih,20228461
cbbf,20228009
cajc,20229738
cddh,20222628
cihc,20225975
cbij,20229703
cgae,20224488
cdfj,20229734
cdij,20220269
cbdg,20227696
chff,20229774
cdfb,20220970
cgdg,20225396
cdae,20221494
cjhd,20220955
cgbj,20226372
cbcd,20221125
cdbe,20220774
ccdj,20226844
chba,20220839
caji,20224306
ccjd,20220649
cbha,20225804
ccge,20220157
cchi,20223843
cbjg,20220904
cbci,20227921
caic,20228060
cgbc,20225578
cajd,20221188
caaf,20223259
cegb,20222204
cebf,20228880
cddj,20228346
chcf,20220119
cecf,20224037
cifc,20225676
cbec,20226675
ceab,20223512
cbaa,20220778
cdjh,20226102
cghe,20224164
cagd,20220408
cacg,20227167
cecj,20223369
cebc,20225839
cadc,20229954
cija,20223861
cadi,20229149
cjei,20229615
cfbj,20220516
cjcf,20221759
cchd,20225841
cgga,20229606
cijc,20224676
cfih,20221655
chjj,20225350
cbee,20229992
cgge,20225161
cgja,20224852
chgh,20220824
cghg,20222248
cicg,20228320
chhe,20226146
chae,20225428
cbie,20229748
cdhg,20226737
cfii,20220642
cegj,20228715
chgf,20223546
chaf,20228185
cjgi,20223387
cgjh,20220228
ccej,20222156
cjad,20228711
cegc,20225714
cged,20227457
cbbi,20226404
ccje,20220732
ciec,20220668
cjcd,20221041
ceeb,20228354
cadh,20221934
ccfi,20224551
chgj,20220570
cgfe,20229673
cgee,20224151
chcg,20224656
cjba,20226883
ciii,20229414
cgba,20228114
cjef,20222001
cgha,20225846
cbbb,20229160
chag,20221903
cghc,20220402
cdif,20228194
cjaa,20226760
cbia,20220938
cfie,20225463
cajg,20223507
ciih,20224122
caag,20226568
ceid,20222458
ccag,20226961
cbej,20228343
cdah,20226538
chhf,20224536
cdad,20226081
ccjh,20224235
cfij,20220266
cbaf,20224499
ciah,20222250
caje,20225694
cfgd,20229821
cfbh,20227160
cgci,20228059
cigh,20224858
caae,20227212
cafh,20228108
chfb,20227712
cdjb,20224763
ciab,20225450
cjie,20225235
ccad,20225770
ciga,20223958
cifd,20224820
ccah,20220725
cjac,20220437
cdgc,20220372
cbfd,20226975
cidi,20222105
cdhi,20221617
cbdi,20220164
cdgi,20229684
cbhc,20226708
cgej,20225065
ccbf,20229478
cfae,20223745
chcb,20220712
cabb,20220161
chhc,20224971
caij,20225201
cfcc,20220720
cbgh,20220369
cieb,20220989
chaj,20225120
cade,20224341
cgca,20226733
ccfc,20221288
chji,20220099
ccec,20229542
caaj,20223208
chei,20228017
ccfh,20229847
cgfh,20224616
cjai,20229344
cigi,20224473
ciif,20221662
cjah,20227147
cfee,20229841
cihg,20226584
caab,20227195
cbge,20222954
cbeb,20223008
cbbh,20222692
cbbd,20223902
ceei,20226776
ccbi,20225366
cjdi,20222766
ceif,20220873
cbfb,20220949
cicd,20224089
cdef,20223625
cggb,20227071
ceja,20221929
cfid,20221576
chdg,20226758
cjhj,20227791
cfdd,20223759
cede,20225423
cafb,20220490
cbjh,20220932
cfeb,20227405
cjdc,20224209
cagi,20225782
cbga,20229059
chfd,20221518
cefg,20229455
cabf,20222357
cida,20229704
cjda,20228612
cehd,20228663
cfci,20227652
cfcj,20226493
cgab,20223416
chhb,20220623
ciia,20223338
cdii,20227110
cheg,20224572
ccea,20228232
caei,20229381
chca,20227173
cjjg,20223674
cgeb,20223821
cchg,20224065
cbbc,20226815
cgia,20223965
cgjd,20221142
cdeh,20220367
ciag,20225173
cceh,20225169
cege,20228775
cigb,20228294
cidg,20224592
cecb,20229487
cjgh,20222054
cgdc,20223096
ccih,20226919
cjec,20226788
cbid,20228478
ciad,20226223
cejf,20223737
cjfi,20223807
cdab,20229825
cadj,20225754
chia,20225713
cgfb,20229612
cddd,20226879
ciid,20224652
chjd,20226288
cgid,20223158
cjgg,20220400
cjhi,20226472
cchh,20229417
cjhc,20224064
cjgc,20226968
ciaf,20227469
cdia,20228302
chec,20229972
ccjj,20223423
cehg,20221693
chfi,20222850
cfah,20222179
chhh,20221675
cjge,20220231
cibh,20221904
cbhb,20220141
chjb,20225388
cbjf,20222595
cjib,20228903
cgdf,20226273
cicf,20220694
cfab,20224361
cdbi,20220777
cdgj,20229102
ciba,20229436
cdjf,20223618
ceib,20226160
cecc,20226833
chic,20222083
cide,20220787
ccbe,20222837
cibe,20222706
caea,20227651
cief,20229155
chbi,20228599
cacf,20222508
caga,20221499
ciee,20224708
ciac,20222484
cfcd,20221998
cceg,20223039
chid,20224871
cgfj,20227503
cggi,20222283
cghd,20222983
cega,20225848
cafi,20228999
chfc,20223182
cdhb,20220319
cgai,20226615
cfea,20220609
cegd,20220411
ccig,20226336
cijb,20227880
cfhh,20228314
caaa,20225916
cdee,20221209
cfec,20223342
ceih,20221326
ccdb,20224277
cbca,20224266
cejh,20227279
cdcc,20221189
cagb,20227226
cdff,20223610
cjbb,20223471
chgc,20224418
cfef,20224698
cjbj,20224755
cjhg,20226281
cfaa,20226332
caif,20227230
cjbd,20224048
cjjc,20225553
cjjh,20226217
cded,20228648
cffc,20228796
chce,20225919
cjdj,20222189
cecd,20223982
cbjd,20229984
ciai,20227556
cdhf,20227519
ciea,20228873
cgcc,20223267
cagc,20229202
cbja,20227177
ccdg,20223727
cgij,20226264
ceae,20229960
cjeg,20225884
ccgh,20227075
cifh,20224002
chbb,20225060
cajf,20225500
caeb,20229607
ccee,20227930
chhg,20225753
cghf,20221623
cjfg,20223560
chbe,20225507
cgfg,20222922
ceje,20222323
cihf,20224066
cbhi,20226317
cjcg,20222218
cjfh,20228770
cfdf,20227529
cjeb,20228806
cdji,20223496
cgda,20224480
cebg,20228443
cegf,20220044
cgef,20227142
cgdb,20223527
cfda,20226176
cdce,20225132
ccgi,20223762
cggh,20227380
ccji,20228932
cffh,20227056
cadg,20227673
ceff,20229377
cdcd,20229064
cfca,20223531
cegi,20226022
ccfd,20221569
cibj,20228507
cdac,20220182
ciaa,20225537
cbgb,20227210
cieh,20227939
chab,20228223
cfig,20221102
cahc,20224222
ccbc,20225561
cigj,20229947
chge,20229161
cdaj,20226238
caff,20222008
cdja,20220162
cccf,20221036
cgdd,20222433
caeh,20227372
cdcg,20226837
cfif,20225321
cjga,20223802
cjgb,20229304
cddi,20229315
cigg,20223070
cgeg,20223457
caib,20224735
cjej,20220695
cfha,20224127
cehf,20224752
cdje,20221091
cfbe,20228804
cifj,20222144
cabc,20228900
cjea,20229328
ccca,20224860
cjbh,20222293
cdfh,20220068
ched,20223268
cedb,20228048
cehj,20228282
cahb,20223054
cbef,20223218
ccdc,20223172
cdbc,20222578
cdid,20229712
chbf,20221767
cfjd,20220885
cfbg,20224745
cecg,20225875
cbih,20220601
ceed,20228360
ceej,20223432
ccia,20226897
cedi,20229628
cfjb,20220031
cejg,20222866
cajh,20223629
cdjd,20225021
cjaj,20222150
chbd,20227302
cdba,20224951
cghh,20224120
cbdb,20223347
cbcg,20228235
cebe,20221745
cddb,20229545
chch,20220714
cedg,20223254
cchb,20222013
cafd,20229832
cgif,20223586
cgje,20225227
cabh,20221961
cdch,20220632
cdaa,20225076
chgb,20225407
cfed,20226574
chdi,20223740
ciei,20224292
cbgg,20220307
cgcg,20223736
cedd,20221321
cicj,20221501
cfia,20225067
cfei,20222507
cefi,20224831
cjid,20222564
cijh,20226219
cbab,20226882
cbjj,20225867
cbae,20223059
cdib,20224514
chbg,20228568
ceba,20221817
ccfb,20229123
cace,20220365
cggc,20220215
chfa,20224271
cibd,20224194
caie,20227896
cjfc,20222036
cggg,20227307
cjed,20229971
cjce,20229374
cacj,20223596
cigf,20221250
cdaf,20221072
ceha,20229253
cdgb,20222251
chgd,20221017
cage,20228210
chjh,20223459
ccjf,20225471
cidc,20226981
cdca,20225889
chjg,20222913
ccei,20226729
ccce,20221421
ccaa,20222375
cgih,20224054
caih,20226277
chej,20221296
cada,20226620
chfj,20225994
cibf,20228227
cdgf,20229521
cjab,20226341
cgdh,20226569
cgii,20220612
cced,20223893
caha,20229516
cidb,20229364
ccac,20222535
chde,20229203
cddc,20222924
cbfe,20229831
ceji,20228561
cgaa,20222333
chdh,20220431
cfba,20225273
cchc,20225520
cihi,20220289
cbce,20220504
cdie,20220052
cfai,20224740
cjbc,20222509
cgjj,20227668
cdcf,20221293
cfcf,20225250
ciji,20220248
cjjd,20225392
cgbb,20226225
ccde,20227825
cbdc,20222644
cfbb,20225977
ceig,20222521
cjhe,20228709
cjcb,20227357
cccj,20226497
ceda,20223574
cbjb,20220147
cabg,20223836
chee,20229939
chah,20229479
cghi,20221388
ceia,20227009
chdb,20229443
ccab,20228675
cfdh,20227674
chdj,20225248
cijf,20227493
cdbh,20226898
cdic,20220888
cfhf,20223953
ccgf,20223942
cjaf,20222274
ccaf,20220187
cefc,20223146
cdfe,20226544
cdhc,20226674
chfg,20224564
cheb,20228049
cddf,20222112
chdf,20227170
cdcj,20225733
cedj,20222009
ccda,20221186
cgfc,20226374
cjhh,20220158
cbfi,20226315
cafe,20226864
cgic,20228330
cjdg,20228453
cjjb,20225441
chih,20226006
cbbg,20223797
cbhj,20227817
chga,20225356
chea,20224531
cjfj,20225868
ccjc,20227256
cidd,20226821
cbif,20223051
cfja,20227002
cjdf,20229165
ccdf,20227097
cfhb,20225964
cdhd,20228077
ceci,20229523
ceie,20228596
ciib,20227605
caad,20223550
cfhd,20223635
cdha,20227892
cfgg,20227803
cghb,20224326
ceaa,20223959
cabj,20222299
chje,20228408
ciff,20223595
cfej,20222512
cejj,20223986
cfgf,20221992
ceii,20229868
cfgb,20224717
chha,20223367
cdfg,20220186
caef,20229218
cdeb,20224307
cgec,20220167
cbaj,20229044
cbeh,20223056
cach,20220018
cffa,20223119
chbh,20229490
cabi,20228660
cbig,20225817
cgfi,20221734
ceee,20221038
ceaj,20226791
chgg,20220534
cjch,20220907
cebh,20225178
ceag,20221920
chib,20227042
ccch,20222167
cjae,20223413
cfce,20222330
cbdf,20229244
cdjj,20223746
cbah,20225890
cjig,20220596
cfjg,20224045
cfeh,20229211
chjc,20220510
cgad,20228265
cfdc,20223815
cdfi,20229466
cgjb,20220273
ccgd,20221846
cjgf,20229078
caca,20222906
